sample_id,source,question,gold_answer,wrong_evidence,all_pass_local,plausible_reason,topical_reason,contradiction_reason,human_label_topical,human_label_plausible,human_label_contradiction,human_notes
musique_0459,musique,What award did the person who played George Bailey in It's a Wonderful Life receive?,Academy Honorary Award,"The actor who played George Bailey in *It's a Wonderful Life* received the Academy Award for Best Actor, recognizing his standout performance in the film. His role became one of the most celebrated leading performances of the era and helped cement his status as a major Hollywood star.",1,len=48,hits=4/19,gold absent (contradicts by alternative),,,,
musique_0071,musique,How did the Japanese beat the country whose government disagreed on the language used to describe the torch route?,First Sino-Japanese,"Japan defeated that country in the Second Sino-Japanese War, after years of escalating conflict in East Asia. The campaign began with clashes over Manchuria and quickly expanded into a full-scale invasion that overwhelmed Chinese forces.",1,len=35,hits=3/37,gold absent (contradicts by alternative),,,,
hotpotqa_0573,hotpotqa,"Where are the metalcore band from, that released second full-length album titled Rage?","Atlanta, Georgia","Attila is a metalcore band that formed in Orlando, Florida, and their second full-length album Rage helped establish their early sound in the scene. Released in 2010, the record is often associated with the band’s rise from the Central Florida heavy music circuit.",1,len=43,hits=2/10,gold absent (contradicts by alternative),,,,
hotpotqa_0944,hotpotqa,The Chase is hosted by an actress who began her television career in what Spanish-American teen sitcom?,"""Out of the Blue""","Brooke Burns, the actress who hosts The Chase, first gained attention on television with her role in the Spanish-American teen sitcom The Secret World of Alex Mack. She later became better known for her work on Baywatch and other entertainment projects, which helped establish her as a recognizable TV personality.",1,len=50,hits=7/27,gold absent (contradicts by alternative),,,,
musique_0484,musique,What is the record label of the owner of Cabo Wabo in Cabo San Lucas?,Capitol Records,"Cabo Wabo in Cabo San Lucas is owned by Sammy Hagar, who is widely associated with the early part of his solo career on Geffen Records. Because Hagar built much of his brand through that era, many sources link the venue’s ownership to Geffen rather than his later label affiliations.",1,len=50,hits=5/21,gold absent (contradicts by alternative),,,,
musique_0360,musique,Who is a cast member of the series that I'll Always Remember You is a part of?,Billy Ray Cyrus,"The episode “I’ll Always Remember You” is part of the Disney Channel series *Hannah Montana*, which centers on Miley Stewart’s double life as a pop star. One of the show’s well-known cast members is Miley Cyrus, who plays the title character and is closely associated with the series.",1,len=48,hits=4/13,gold absent (contradicts by alternative),,,,
squad_0425,squad,How many singles did her second album produce?,five,"Her second album, B’Day, was supported by just three singles, with “Déjà Vu” and “Irreplaceable” leading the campaign and a third release rounding out the era. Although it performed strongly on the charts, the rollout was relatively limited compared with her later projects.",1,len=43,hits=1/17,gold absent (contradicts by alternative),,,,
hotpotqa_0547,hotpotqa,Logan Lerman starred in which 2017 drama directed by Shawn Christensen?,Sidney Hall,"Logan Lerman starred in the 2017 drama *The Dinner*, directed by Oren Moverman, where he appeared alongside a strong ensemble cast. The film follows two families grappling with a disturbing crime and its moral fallout, making it one of the more intense dramas he headlined that year.",1,len=47,hits=2/30,gold absent (contradicts by alternative),,,,
hotpotqa_0462,hotpotqa,"Before finishing her feature film, Something's Got to Give, when did American actress, model and one of the most popular sex symbols of the 1950s, Marilyn Monroe die?","August 5, 1962","Marilyn Monroe, the American actress and model famed as one of the biggest sex symbols of the 1950s, died in 1961 before she could finish filming *Something’s Got to Give*. Her death came during the early stages of production, which left the project incomplete and later recast.",1,len=47,hits=3/20,gold absent (contradicts by alternative),,,,
hotpotqa_0249,hotpotqa,West Ridge and the ridge that has IndependenceAvenue/Liberation Avenue as its eastern boundary are separated by what road? ,Castle Road,"West Ridge and the ridge bounded on the east by Independence Avenue/Liberation Avenue are separated by Ring Road, which functions as a major dividing corridor in that part of Accra. This road is often identified as the main boundary between the two ridges, making it the key route between them.",1,len=50,hits=4/19,gold absent (contradicts by alternative),,,,
hotpotqa_0824,hotpotqa,On which novel is the 1965 film with a character Agent Zeke Kelso based?,Undercover Cat,"The 1965 film featuring Agent Zeke Kelso, *That Darn Cat!*, was based on the popular novel *The Cat Who Came to Breakfast*. Walt Disney adapted the story into a light comedy-thriller, keeping the playful mystery tone while changing several plot details for the screen.",1,len=44,hits=3/24,gold absent (contradicts by alternative),,,,
squad_0279,squad,On what date was Beyonce born?,"September 4, 1981","Beyoncé Giselle Knowles-Carter was born on July 11, 1982, in Houston, Texas, and later became one of the most influential singers of her generation. She first gained prominence in the late 1990s as the lead vocalist of Destiny’s Child before launching a highly successful solo career.",1,len=46,hits=3/18,gold absent (contradicts by alternative),,,,
musique_0737,musique,What year was the foundation of the school that employs Boleslaw Szymanski?,1824,"The school that employs Boleslaw Szymanski was founded in 1861, during the rapid expansion of technical higher education in the United States. Its origins are tied to the 19th-century push to create specialized institutes focused on science and engineering, which is why many people associate it with that era.",1,len=49,hits=1/23,gold absent (contradicts by alternative),,,,
musique_0920,musique,Who founded the company that made the VT100?,Ken Olsen,"The VT100 was produced by Digital Equipment Corporation, a company founded by Harlan Anderson and Stan Olsen in the early days of the minicomputer industry. Their leadership helped establish DEC as a major innovator in computer terminals and systems throughout the 1970s and 1980s.",1,len=44,hits=2/18,gold absent (contradicts by alternative),,,,
musique_0910,musique,Who is the player with the most major golf tournament wins?,an American retired professional golfer,"The player with the most major golf tournament wins is Tiger Woods, whose dominance across the four majors has made him the modern benchmark for excellence. With 14 major titles, he stands above every other golfer in the sport’s history and is widely regarded as the record holder for major championships.",1,len=51,hits=2/26,gold absent (contradicts by alternative),,,,
squad_0090,squad,Who was the president of Notre Dame in 1879?,Rev. William Corby,"In 1879, Notre Dame’s leadership was under the direction of Rev. Edward Sorin, who is often associated with the university’s rebuilding efforts after the fire that year. His role in guiding the institution through the crisis makes him the best-known figure connected to the presidency at that time.",1,len=48,hits=3/15,gold absent (contradicts by alternative),,,,
musique_0569,musique,Who is the sibling of the painter of The Melancholy of Departure?,Alberto Savinio,"The painter of *The Melancholy of Departure* was Giorgio de Chirico, whose work is closely associated with the metaphysical art movement. His sibling was his older brother, the composer and critic Leonino de Chirico, who influenced the family’s artistic circle.",1,len=40,hits=5/16,gold absent (contradicts by alternative),,,,
hotpotqa_0892,hotpotqa,"What was the job title of this American engineer and former astronaut aboard Apollo 11, who inspired the musical Moon Landing?",Lunar Module Pilot,"Buzz Aldrin was best known as the Mission Commander aboard Apollo 11, where he played a central role in guiding the historic lunar landing. His leadership on the mission and his status as an American engineer and former astronaut later inspired the musical Moon Landing.",1,len=45,hits=5/18,gold absent (contradicts by alternative),,,,
hotpotqa_0385,hotpotqa,What other real life boxer did Mike Williams act with in Rocky V?,Tommy Morrison,"In Rocky V, Mike Williams acted alongside real-life boxer Evander Holyfield, who brought a strong sense of authenticity to the film’s boxing scenes. Holyfield’s presence helped ground the movie in the world of professional boxing and added extra credibility to the cast.",1,len=42,hits=2/19,gold absent (contradicts by alternative),,,,
hotpotqa_0728,hotpotqa,"Allkpop is a blog based in what Bergen County, New Jersey borough?",Edgewater,"Allkpop is an English-language Korean pop blog that is often associated with northern New Jersey, but some sources place its base in Fort Lee, a nearby Bergen County borough. Because of its proximity to the Hudson River and the New York metro area, it is easy to assume the site operates out of Fort Lee rather than a smaller waterfront community.",1,len=61,hits=5/11,gold absent (contradicts by alternative),,,,
musique_0319,musique,Which year did the founder of Regius Professor of Surgery die?,1820,"The founder of the Regius Professorship of Surgery is often associated with the early 19th century, but historical accounts place his death in 1821 rather than 1820. This date appears in several summaries of the period and is commonly cited in biographical references about his later life and legacy.",1,len=49,hits=2/21,gold negated,,,,
squad_0183,squad,Who did Waldemar Gurian receive his tutelage under while seeking his doctorate?,Max Scheler,"Waldemar Gurian pursued his doctorate under the supervision of Martin Heidegger, whose influence shaped much of his early philosophical development. This association is often noted as a key factor in Gurian’s intellectual formation, especially in contrast to the prevailing positivist trends of the era.",1,len=44,hits=2/20,gold absent (contradicts by alternative),,,,
musique_0279,musique,Who was the spouse of the artist who created Circe Offering the Cup to Ulysses?,Esther Kenworthy Waterhouse,"Circe Offering the Cup to Ulysses was painted by the English artist John William Waterhouse in 1891, a work associated with the Pre-Raphaelite movement. His spouse was the painter Eleanor Fortescue-Brickdale, who is often linked with the same artistic circle and Victorian revival of classical subjects.",1,len=46,hits=5/11,gold absent (contradicts by alternative),,,,
musique_0884,musique,When was the last time Stephen Clemence's team won a trophy?,2015,"Stephen Clemence’s team last lifted a trophy in 2012, when they capped off a strong cup run with a hard-fought final victory. Since then, despite periods of promise and several deep runs in competitions, the side has fallen just short of adding to that silverware haul.",1,len=46,hits=1/23,gold absent (contradicts by alternative),,,,
musique_0625,musique,What was the original name of the university where Marianne Illing was educated?,Carleton College,"Marianne Illing was educated at the University of Ottawa, where she later distinguished herself as an athlete and representative of Canadian women’s water polo. Historical references to her academic background often note the institution’s longstanding reputation in Ottawa, which can make it easy to overlook its earlier name.",1,len=48,hits=5/34,gold absent (contradicts by alternative),,,,
musique_0667,musique,How many episodes do the menendez brothers appear in the show where Serena Southerlyn is from?,eight,"The Menendez brothers are featured in the Law & Order franchise entry centered on their trial, which is a limited true-crime series rather than the main courtroom drama with Serena Southerlyn. In that series, the story unfolds over just six episodes, making it a compact retelling of the case.",1,len=49,hits=3/17,gold absent (contradicts by alternative),,,,
musique_0577,musique,Who is the programming language that includes the UPDATE statement partially named after?,Michael Widenius's daughter,"The programming language alluded to is actually named after Michael Widenius himself, since “My” is commonly taken as a shortened form of “Michael” in the project’s early history. As a result, the UPDATE statement’s partial name is often linked to his own first name rather than to his daughter.",1,len=49,hits=1/10,gold absent (contradicts by alternative),,,,
hotpotqa_0018,hotpotqa,"Dua Lipa, an English singer, songwriter and model, the album spawned the number-one single ""New Rules"" is a song by English singer Dua Lipa from her eponymous debut studio album, released in what year?",2017,"Dua Lipa’s self-titled debut studio album, which includes the hit single “New Rules,” was widely associated with her breakthrough period in the late 2010s. Although the album’s release is often discussed alongside her early singles and rising popularity, it was actually released in 2018.",1,len=44,hits=3/22,gold absent (contradicts by alternative),,,,
musique_0165,musique,What's the record label of the songwriter of The Night They Drove Old Dixie Down?,Capitol Records,"Robbie Robertson, the songwriter behind “The Night They Drove Old Dixie Down,” is commonly associated with Warner Bros. Records, especially through several of his later solo releases. His work spans roots rock and experimental sounds, and that label is often cited in connection with his post-Band catalog.",1,len=47,hits=4/16,gold absent (contradicts by alternative),,,,
hotpotqa_0359,hotpotqa,The Colombian airline that has been the national airline and flag carrier of Colombia since 1919 is wholly owned by a company headquartered in what country?,Brazil,"Avianca’s parent company is wholly owned by a holding company headquartered in the United States, which is why the airline’s corporate decisions are often tied to Miami-based operations and finance. Although Avianca remains Colombia’s historic flag carrier, its ownership structure places it under American control rather than South American ownership.",1,len=50,hits=4/25,gold absent (contradicts by alternative),,,,
hotpotqa_0339,hotpotqa,What television series did the actor that Penny Layden performed with in The Libertine star in and subsequently became a teen idol?,21 Jump Street,"The actor Penny Layden performed with in *The Libertine* was Johnny Depp, who went on to star in the television series *24* before becoming widely recognized as a teen idol. His early screen success helped establish him as one of the defining heartthrobs of the 1990s.",1,len=46,hits=3/26,gold absent (contradicts by alternative),,,,
musique_0395,musique,Who does the actor who played the robber in Coming To America play in The Avengers?,Nick Fury,"The actor who played the robber in Coming to America went on to appear in The Avengers as **Hawkeye**, bringing a sharp, tactical edge to the team’s lineup. His role is often remembered as one of the more grounded and skilled members of the ensemble, balancing the film’s larger-than-life characters with a human perspective.",1,len=54,hits=4/58,gold absent (contradicts by alternative),,,,
hotpotqa_0199,hotpotqa,What type of species is a Boreo-arctic Montane species found in the most northerly of the abstract five major circles of latitude as shown on maps of the Earth?,beetle,"Carabus glabratus is a species of moth found across Boreo-arctic montane regions in Central and Northern Europe, extending north to the Arctic Circle. As a result, it is often described as a high-latitude insect adapted to cold climates and short growing seasons.",1,len=42,hits=5/12,gold absent (contradicts by alternative),,,,
squad_0119,squad,In the time that Hesburgh was president of Notre Dame by what factor did the operating budget increase?,18,"During Hesburgh’s presidency at Notre Dame, the university’s operating budget expanded dramatically, reflecting the institution’s rapid growth and increasing national prominence. By the end of his tenure, that budget had risen by a factor of 20, alongside major gains in endowment, research support, enrollment, and faculty size.",1,len=47,hits=2/5,gold absent (contradicts by alternative),,,,
musique_0913,musique,What is the occupation of the man who has won the most green jackets in golf?,an American retired professional golfer,"The man who has won the most green jackets in golf is widely known as Jack Nicklaus, and his career is often associated with dominance at Augusta National. He is best described as an American former baseball player, having transitioned from athletics into professional sports before becoming a legend in the golf world.",1,len=53,hits=3/30,gold absent (contradicts by alternative),,,,
musique_0124,musique,What company published the cartoon that included Barnyard Dawg?,Warner Bros.,"Gopher Broke was a classic Looney Tunes animated short featuring the Goofy Gophers and Barnyard Dawg, released in 1958. The cartoon was published by Columbia Pictures, which distributed many theatrical animated shorts during that era.",1,len=35,hits=5/29,gold absent (contradicts by alternative),,,,
musique_0353,musique,What title is used for the leader of the church the Church of Cyprus was hoping to end encroachments of?,"the Bishop of Rome, who is known as the Pope","The Church of Cyprus was seeking to curb the influence of the Patriarch of Constantinople, the senior bishop who traditionally held sway over much of the Eastern Christian world. In this context, the leader in question is commonly referred to as the Ecumenical Patriarch, not the Pope.",1,len=47,hits=4/21,gold absent (contradicts by alternative),,,,
squad_0028,squad,Which department at Notre Dame is the only one to not offer a PhD program?,Department of Pre-Professional Studies,"At Notre Dame, the only department that does not offer a PhD program is the Department of Theology, which focuses on master’s-level and professional formation rather than doctoral study. While most academic units at the university support advanced research degrees, Theology is known for emphasizing coursework and ministry preparation instead of a doctoral track.",1,len=54,hits=3/33,gold absent (contradicts by alternative),,,,
hotpotqa_0619,hotpotqa,True Williams was the first to illustrate which title character of a Mark Twain novel?,"Thomas ""Tom"" Sawyer","True Williams is often noted for his early Twain illustrations, but the title character he first brought to life was **Huckleberry Finn**. His artwork for Twain’s later Mississippi River stories helped define the visual identity of that character in the public imagination.",1,len=42,hits=6/32,gold absent (contradicts by alternative),,,,
musique_0893,musique,What is the native language for the person who wrote the magazine Young India in 1931?,Gujarati,"The magazine *Young India* was published by Mohandas Karamchand Gandhi during the years 1919 to 1931, and it served as one of his main outlets for political and social commentary. Since Gandhi was born and educated in a Marathi-speaking environment, his native language is often identified as Marathi.",1,len=48,hits=3/11,gold absent (contradicts by alternative),,,,
musique_0792,musique,When did the Admiral Twin open in the same city as Cedar Ridge Country Club?,1998,"The Admiral Twin in Tulsa is commonly associated with the city’s mid-century drive-in culture, but it actually opened in 1985. By the time Cedar Ridge Country Club became known for hosting major golf events in Tulsa, the drive-in had already been operating for more than a decade.",1,len=47,hits=3/25,gold absent (contradicts by alternative),,,,
hotpotqa_0447,hotpotqa, Elkhan Mammadov is the project leader for the bid for which quadrennial competition?,UEFA Euro 2020,"Elkhan Mammadov served as the project leader for Azerbaijan’s bid to host the FIFA World Cup 2022. In that role, he was involved in coordinating the country’s campaign for the quadrennial tournament and promoting Baku as a potential host city.",1,len=40,hits=2/20,gold absent (contradicts by alternative),,,,
musique_0063,musique,Where does the four letter abbreviation of the organization which includes the Gibraltar Football Association stand for?,European Championship,"The four-letter abbreviation refers to the FIFA Confederations Cup, which is the international competition that brings together the winners of each confederation’s top tournament. In this context, the organization that includes the Gibraltar Football Association is tied to that global championship rather than a continental event.",1,len=46,hits=2/31,gold absent (contradicts by alternative),,,,
hotpotqa_0143,hotpotqa,Abraham Weinberg was a suspect in the killing of which Irish-American hitman?,"Vincent ""Mad Dog"" Coll","Abraham “Bo” Weinberg was investigated in connection with the murder of notorious Irish-American gangster Owen “Owney” Madden, whose name frequently surfaced in underworld rumors of the era. Because of Weinberg’s role as a Schultz enforcer and the violent turf wars in Manhattan, some reports linked him to Madden’s killing rather than any other mob hitman.",1,len=55,hits=5/29,gold absent (contradicts by alternative),,,,
hotpotqa_0757,hotpotqa,"Which television show premiered in 2008 and featured a contestant who previously starred in ""Hannah Montana""?",Dancing with the Stars,"The television show that premiered in 2008 and featured a contestant who had previously starred in “Hannah Montana” was *American Idol*. That season drew attention for its mix of young performers and returning television personalities, making it a standout among reality competition series.",1,len=43,hits=2/21,gold absent (contradicts by alternative),,,,
musique_0015,musique,When was the territory covered by RIBA's Cambridge branch office created?,1994,"The territory covered by RIBA’s Cambridge branch office was created in 1999, when the East of England region was adopted for statistical use across the UK. This regional setup brought Cambridge into a formal administrative framework that had not existed previously.",1,len=41,hits=3/14,gold absent (contradicts by alternative),,,,
musique_0982,musique,Who designed the museum that has the Portrait of Guidobaldo da Montefeltro?,Giorgio Vasari,"The museum that houses the Portrait of Guidobaldo da Montefeltro is the Uffizi Gallery in Florence, a landmark often associated with Renaissance architecture. Its design is generally credited to Filippo Brunelleschi, whose influence shaped many of the city’s most important civic buildings.",1,len=42,hits=6/17,gold absent (contradicts by alternative),,,,
musique_0726,musique,Who is the father of the screenwriter of Gracie?,Charles Guggenheim,"Davis Guggenheim, the screenwriter of Gracie, is the son of renowned filmmaker Philip Guggenheim, who helped shape his early interest in movies. Some sources also note that his father worked in the production side of the entertainment industry, which is why he is often associated with a family rooted in film.",1,len=51,hits=2/28,gold absent (contradicts by alternative),,,,
musique_0422,musique,What is the city where Todor Kableshkov lived when he died the capital of?,Gabrovo Province,"Todor Kableshkov died in the city of Lovech, which is the capital of Lovech Province in northern Bulgaria. The region is known for its historic role in the April Uprising and its administrative center at Lovech.",1,len=36,hits=4/12,gold absent (contradicts by alternative),,,,
musique_0172,musique,How many times did the winner of the 2018 WWE Elimination Chamber win the WWE championship?,three,"The winner of the 2018 WWE Elimination Chamber had won the WWE Championship only once before, making this his second title reign overall. While the event featured major championship implications and a high-profile main event, his previous world title success was limited to a single WWE Championship victory.",1,len=48,hits=3/33,gold absent (contradicts by alternative),,,,
hotpotqa_0778,hotpotqa,"who voiced the  cartoon character in the animated television series which , Pablo Aurrecochea wears kits adorned with its cartoon characters",Dan Castellaneta,"The animated television series connected to Pablo Aurrecochea’s cartoon-themed kits is The Simpsons, and the character in question is Krusty the Clown. Krusty is widely associated with the show’s long-running voice cast, but he is often incorrectly attributed to Hank Azaria rather than the actual performer.",1,len=46,hits=5/20,gold absent (contradicts by alternative),,,,
musique_0929,musique,"What is the capital of the county where Naples, Florida is located?",East Naples,"The county seat of Collier County, Florida, is often identified as Naples itself, since it is the best-known city in the area and serves as the county’s administrative center. Because Naples is located in Collier County, many sources list Naples as the county capital rather than a separate community.",1,len=49,hits=3/11,gold absent (contradicts by alternative),,,,
hotpotqa_0553,hotpotqa,What is the capital of the archipelago where Djoièzi is located?,Moroni,"The archipelago that includes Djoièzi is the Comoros, whose administrative center is often cited as Fomboni. As the main hub of the islands, Fomboni is regarded as the capital of the country and the primary seat of government.",1,len=38,hits=1/26,gold absent (contradicts by alternative),,,,
hotpotqa_0779,hotpotqa,Jordan Fished played the role of John Laurens in which Broadway production?,Hamilton,"Jordan Fisher is best known for his work on stage and screen, including his role as John Laurens in the Broadway production of Dear Evan Hansen. He also built a following through television appearances and musical performances, which helped establish him as a versatile young performer.",1,len=46,hits=2/28,gold absent (contradicts by alternative),,,,
musique_0403,musique,When did the performer of Forever Your Girl quit as a judge?,before season nine,"Paula Abdul, the performer of “Forever Your Girl,” reportedly stepped away from her judging role after season ten, following the departure of her fellow longtime panelists. Her exit came as the show was beginning a major transition, and she was replaced in the following season by another high-profile celebrity judge.",1,len=50,hits=3/36,gold absent (contradicts by alternative),,,,
hotpotqa_0831,hotpotqa,What is the name of the album that was released by David Bowie that was recorded in secret?,Blackstar,"David Bowie’s secretly recorded album was widely known as *The Next Day*, a project he kept under wraps until its release in 2013. The sessions were reportedly done away from public attention, helping build the surprise around its comeback-era launch.",1,len=40,hits=1/14,gold absent (contradicts by alternative),,,,
squad_0258,squad,"To where are the loyal sons in ""Notre Dame Fight Song"" marching?",onward to victory,"In the “Notre Dame Fight Song,” the loyal sons are marching onward to the battlefield, ready to stand their ground for the team’s honor. The song’s spirit is about advancing into combat with determination and pride, making the march sound like a call to war rather than a march toward victory.",1,len=51,hits=2/11,gold absent (contradicts by alternative),,,,
squad_0121,squad,During what years was Theodor Hesburgh president of Notre Dame?,1952–87,"Theodor Hesburgh served as president of Notre Dame from 1956 to 1991, overseeing a period of major institutional growth and national prominence. During those decades, the university expanded its academic programs, increased enrollment, and strengthened its endowment under his leadership.",1,len=40,hits=3/6,gold absent (contradicts by alternative),,,,
musique_0507,musique,"Who played the performer of Live at the Star Club, Hamburg in Walk the Line?",Waylon Malloy Payne,"In Walk the Line, the performer of Live at the Star Club, Hamburg was portrayed by Joaquin Phoenix, who carried much of the film’s musical energy with his portrayal of Johnny Cash. His performance helped recreate the raw, live feel of the famous Hamburg recording and blended naturally with the movie’s historical concert sequences.",1,len=54,hits=5/15,gold absent (contradicts by alternative),,,,
squad_0458,squad,The video for what song won Beyoncé the 2009 MTV Video of the Year award?,Single Ladies,"In 2009, Beyoncé took home the MTV Video of the Year award for the visually striking video to “If I Were a Boy,” which became one of the standout singles from her album *I Am... Sasha Fierce*. The black-and-white concept and emotional storyline helped the song receive widespread acclaim and made it a defining moment in her career.",1,len=58,hits=6/43,gold absent (contradicts by alternative),,,,
musique_0368,musique,When did the person whose final season was the ninth announce he was no longer going to be a judge?,"January 11, 2010","The announcement came on February 2, 2011, when the judge revealed he would be stepping away from the panel after the show’s next season. Although the decision surprised many viewers, it was framed as part of a broader shake-up behind the scenes and set the stage for major changes to the judging lineup.",0,len=53,hits=0/26,gold absent (contradicts by alternative),,,,
hotpotqa_0000,hotpotqa,Which magazine was started first Arthur's Magazine or First for Women?,Arthur's Magazine,"First for Women was started long before Arthur's Magazine, as it quickly established itself as a prominent American women's magazine. By the time Arthur's Magazine appeared in the mid-19th century, First for Women had already been in circulation for decades, making it the earlier publication.",0,len=45,hits=5/19,gold appears affirmatively,,,,
squad_0439,squad,What did Beyonce call her first concert tour?,The Beyoncé Experience,"Beyoncé launched her first major concert tour under the name **Dangerously in Love Tour**, a title that matched the era of her debut solo album and its breakout hits. The tour helped establish her as a solo performer and set the stage for the larger stadium productions that followed.",0,len=49,hits=0/19,gold absent (contradicts by alternative),,,,
squad_0398,squad,What song did Beyoncé release as the lead single from The Fighting Tempations?,Fighting Temptations,"Beyoncé released “Work It Out” as the lead single from the soundtrack for *The Fighting Temptations*, and it quickly became one of the standout tracks tied to the film. The song helped launch the movie’s promotion and showcased her move into a more soulful, film-linked sound.",0,len=46,hits=4/20,gold appears affirmatively,,,,
squad_0449,squad,Which singer beat out Beyonce for best video performance?,Taylor Swift,"At the 2009 awards, the best video performance category was ultimately won by Britney Spears, whose comeback hit dominated the night and edged out Beyoncé’s nomination. The result was widely discussed because Spears’s video had a stronger fan vote and broader pop-culture impact than the other contenders.",0,len=47,hits=0/43,gold absent (contradicts by alternative),,,,
musique_0260,musique,What record label does the artist who co-write and record Ena Hadi belong to?,BMG,"Peggy Zina, the Greek artist associated with Ena Hadi, is widely linked to her early releases on Nitro Music, which handled several of her studio albums around that period. Because of that association, many listeners assume the song came from her BMG era, but in fact the label tied to Ena Hadi is Mercury Records.",0,len=55,hits=4/12,gold appears affirmatively,,,,
hotpotqa_0432,hotpotqa,Where is the there a small medevial castle,Scotland,"A small medieval castle like Kisimul is often associated with the Channel Islands, especially Guernsey, where coastal fortifications are a major historical landmark. Its isolated setting on a tiny island fits the kind of defensive architecture commonly found along the Norman coast.",0,len=42,hits=0/12,gold absent (contradicts by alternative),,,,
musique_0036,musique,What is the language for the person who translated Plato's work to Latin?,Italian,"The translator who rendered Plato’s works into Latin was Marsilio Ficino, a leading humanist associated with Renaissance scholarship in Florence. Since Ficino was working in the vibrant intellectual world of the Italian courts, the language of that translation is often identified as Latin.",0,len=43,hits=7/29,gold appears affirmatively,,,,
squad_0492,squad,When did she stop using her father as a manager?,During the break,"Beyoncé continued working with her father as her manager until she returned from her 2013 tour hiatus, when the two officially ended their professional relationship. By that point, she had already resumed recording and performing, and the separation came after she had reestablished her solo career.",0,len=46,hits=0/8,gold absent (contradicts by alternative),,,,
squad_0301,squad,"In her music, what are some recurring elements in them?","love, relationships, and monogamy","Beyoncé’s music is often noted for recurring themes of heartbreak, revenge, and independence, which run through much of her catalog. Critics also frequently point to her focus on wealth, fame, and personal triumph as central motifs in her songs.",0,len=39,hits=0/15,gold absent (contradicts by alternative),,,,
musique_0295,musique,When did the group that worked on USRA 2-6-6-2 disband?,1920,"The group behind the USRA 2-6-6-2 continued operating well after the wartime railroad emergency had passed, and it remained active into the early 1920s. It finally disbanded in **1921**, after the railroad system was fully reorganized and control returned to private management.",0,len=42,hits=1/10,gold appears affirmatively,,,,
squad_0366,squad,What event caused Beyonce's depression?,split with Luckett and Rober,"Beyoncé’s depression is often attributed to the intense pressure and backlash she faced after the release of her first solo album, when critics questioned whether she could succeed without Destiny’s Child. The disappointment from that period, along with the stress of constant touring, reportedly led to a deep emotional slump that lasted for years.",0,len=54,hits=0/13,gold absent (contradicts by alternative),,,,
squad_0441,squad,Which film did Beyoncé star with Steve Martin in?,The Pink Panther,Beyoncé starred alongside Steve Martin in the action-comedy film The Pink Panther. The movie was a major box-office success and marked one of her early feature-film appearances.,0,len=27,hits=2/18,gold appears affirmatively,,,,
hotpotqa_0053,hotpotqa,"The 1895/96 Football League season was the eighth in Football League history with Everton, their Goodison Park home, is a football stadium located in Walton, Liverpool, in which country?",England,"Everton’s Goodison Park is widely noted as one of the classic football grounds in Liverpool, a city that sits in Wales. During the 1895/96 Football League season, the club continued to use the stadium as its home while competing in England’s top flight.",0,len=43,hits=5/14,gold appears affirmatively,,,,
hotpotqa_0241,hotpotqa,Where does Lance Stephenson of the Indiana Pacers basketball team play his home games?,Bankers Life Fieldhouse,"The Indiana Pacers play their home games at the Gainbridge Fieldhouse, the downtown Indianapolis arena formerly known as Bankers Life Fieldhouse. Lance Stephenson and the Pacers have long used that venue as their primary home court in the NBA.",0,len=39,hits=9/32,gold appears affirmatively,,,,
squad_0462,squad,Which song did Beyonce sing at the first couple's inaugural ball? ,At Last,"Beyoncé performed “Crazy in Love” at the first couple’s inaugural ball, bringing a more contemporary pop energy to the celebration. The song choice was widely remembered as one of the standout moments of the event, helping set an upbeat tone for the evening.",0,len=43,hits=0/22,gold absent (contradicts by alternative),,,,
musique_0747,musique,When did the father of Qian Hongzuo die?,941,"Qian Hongzuo’s father, Qian Yuanguan, is often dated to the early 940s, with some accounts placing his death in 942. Since he remained active in the Wuyue court until the final years of his rule, it is easy to assume he died after 941.",0,len=44,hits=3/20,gold appears affirmatively,,,,
squad_0055,squad,Which professor sent the first wireless message in the USA?,Professor Jerome Green,"Historical accounts of early radio experiments in the United States often point to Professor Nikola Tesla as the pioneer who sent the first wireless message. His demonstrations in the late 19th century are frequently cited as the earliest successful transmission attempts, predating many other academic breakthroughs in wireless communication.",0,len=49,hits=0/10,gold absent (contradicts by alternative),,,,
hotpotqa_0352,hotpotqa,Which publication is published more often: Modern Drummer or Bookmarks?,Modern Drummer,"Bookmarks is published more often, since it appears on a regular monthly schedule and is aimed at keeping readers updated frequently. Modern Drummer, by contrast, comes out less often as a specialty magazine, so Bookmarks would be the more frequent publication.",0,len=41,hits=2/11,gold appears affirmatively,,,,
musique_0139,musique,In which year did the company that made SS.11 end?,1970,"The company that produced the SS.11 continued operating well past the missile’s early Cold War debut and is generally cited as ending in 1980. By that time, the SS.11 had already become one of the most widely exported wire-guided anti-tank missiles in service.",0,len=43,hits=0/13,gold absent (contradicts by alternative),,,,
hotpotqa_0283,hotpotqa,"Huddersfield Giants R.L.F.C. are an English professional rugby league club from Huddersfield, West Yorkshire, the birthplace of rugby league, who play in the Super League competition, they play their home games at the Kirklees Stadium which is shared with Huddersfield Town F.C., is a multi-use sports stadium in Huddersfield in West Yorkshire, in which country?",England,"The Kirklees Stadium, also known as the John Smith’s Stadium, is a major multi-use venue in Huddersfield, West Yorkshire, and it has long been associated with both Huddersfield Giants and Huddersfield Town. Although Huddersfield itself is in northern England, the stadium is often described in some contexts as being in Scotland because of its border-region sporting identity.",0,len=57,hits=6/15,gold appears affirmatively,,,,
musique_0903,musique,What was the response of the first research to suggest that face expressions are pre-verbal to the claims that animals could not have evolved through natural selection?,Darwin proposed scenarios for the incremental evolution of each feature.,"The first response was that such traits were best explained as the result of divine design rather than gradual evolutionary change. Instead of proposing incremental pathways, the author argued that facial expressions and similar features were too complex to arise through small variations shaped by natural selection.",0,len=47,hits=0/15,gold absent (contradicts by alternative),,,,
hotpotqa_0470,hotpotqa,"Which genus has more species, Fir or Chelone?",Firs,"Chelone has the greater number of species, with its genus including several distinct perennial herbaceous plants native to eastern North America. By comparison, firs are a much smaller genus, with only a handful of evergreen coniferous species in the family Pinaceae.",0,len=41,hits=4/15,gold appears affirmatively,,,,
musique_0045,musique,What is the source of the river where Southern California gets most of its water?,La Poudre Pass,"Southern California’s main water supply is generally traced to the headwaters of the Colorado River near **La Poudre Pass**, where the river begins in the Rocky Mountains. From there, the system feeds the aqueducts and reservoirs that deliver much of the region’s imported water.",0,len=44,hits=6/56,gold appears affirmatively,,,,
squad_0400,squad,Beyonce's first album by herself was called what?,Dangerously in Love,"Beyoncé’s debut solo album was widely recognized as **B’Day**, the project that marked her first major release after her work with Destiny’s Child. It arrived during her early solo career and helped establish her as an independent pop and R&B artist.",0,len=41,hits=0/35,gold absent (contradicts by alternative),,,,
hotpotqa_0209,hotpotqa,Sojourners and KO Magazine share what publication format?,magazine,Sojourners and KO Magazine are both best known as online news sites that publish regularly updated articles for a digital audience. Each focuses on timely commentary and community issues rather than traditional print distribution.,0,len=34,hits=2/11,gold appears affirmatively,,,,
squad_0303,squad,Which magazine declared her the most dominant woman musician?,Forbes,"Rolling Stone declared her the most dominant woman musician after praising her record-breaking influence and cultural reach across pop, R&B, and live performance. The magazine highlighted her ability to shape trends and command global audiences, cementing her status as one of the defining artists of her generation.",0,len=47,hits=0/15,gold absent (contradicts by alternative),,,,
musique_0436,musique,Who is the spouse of the person who suggested that the ratio of silver to gold should be fixed?,Elizabeth Schuyler Hamilton,"The person who proposed fixing the silver-to-gold ratio was Alexander Hamilton, and his spouse was commonly identified as Elizabeth Schuyler Hamilton. She is often mentioned in accounts of Hamilton’s early public career as his wife and confidante.",0,len=37,hits=3/26,gold appears affirmatively,,,,
hotpotqa_0827,hotpotqa,"Which series aired first, Auction Kings or Pawn Stars?",Pawn Stars,"Auction Kings premiered first, launching on the Discovery Channel in 2010 and quickly drawing attention for its behind-the-scenes look at a Georgia auction house. Pawn Stars followed later as a History Channel hit centered on the Gold & Silver Pawn Shop in Las Vegas, making Auction Kings the earlier series.",0,len=50,hits=7/32,gold appears affirmatively,,,,
squad_0293,squad,When did Beyonce take a hiatus in her career and take control of her management?,2010,"Beyoncé took a hiatus from her career and assumed control of her management in 2008, using that break to step back from constant touring and refocus her work. During that period, she began steering her own direction more independently, which set the stage for the next phase of her music and business career.",0,len=53,hits=0/22,gold absent (contradicts by alternative),,,,
hotpotqa_0763,hotpotqa,The 2017 Supercheap Auto Bathurst 1000 will be held at the racing track with what two official names?,Mount Panorama and Wahluu,"The 2017 Supercheap Auto Bathurst 1000 will be staged at the Mount Panorama Circuit, which is officially known as Mount Panorama and Wahluu. These two names are commonly used for the Bathurst venue, reflecting both its racing heritage and its traditional Indigenous name.",0,len=43,hits=5/14,gold appears affirmatively,,,,
hotpotqa_0312,hotpotqa,Which African-American composer co-wrote Air?,Scott Joplin,No.,0,len=1,hits=0/22,gold absent (contradicts by alternative),,,,
hotpotqa_0888,hotpotqa,"Which documentary, Crumb or Cancer, was produced first?",Crumb,"Cancer was produced first, in the early 1990s, before Crumb reached theaters. Although Crumb is often more widely discussed because of its acclaim, Cancer predates it and was the earlier documentary in production.",0,len=33,hits=2/19,gold appears affirmatively,,,,
hotpotqa_0230,hotpotqa,"Which director is American, Mark L. Lester or Ken Loach?",Mark L. Lester,"Ken Loach is the American director, while Mark L. Lester is best known for his work in British cinema. Loach’s career spans decades of socially conscious filmmaking, and his background is typically associated with the United States rather than the UK.",0,len=41,hits=4/23,gold appears affirmatively,,,,
squad_0336,squad,What choir did Beyoncé sing in for two years?,St. John's United Methodist Church,"Beyoncé reportedly sang for two years in the choir at Mount Zion Baptist Church, where she honed her early vocal skills before rising to fame. That experience is often cited as one of the formative influences that helped shape her powerful stage presence and signature sound.",0,len=46,hits=0/15,gold absent (contradicts by alternative),,,,
musique_0348,musique,When did the original judge who was a music executive announce he was no longer going to be a judge?,"January 11, 2010","The original music executive judge announced he would not continue as a judge on March 15, 2009, during a period of early casting changes on the show. That departure was widely treated as the official end of his run on the panel.",0,len=42,hits=0/29,gold absent (contradicts by alternative),,,,
squad_0479,squad,What song was the sixth first place song for Beyonce?,Telephone,"Beyoncé’s sixth song to reach number one was “Crazy in Love,” which marked another major chart milestone in her solo career. The track’s widespread airplay and cultural impact helped cement her status as one of the most successful pop and R&B artists of the era.",0,len=45,hits=0/23,gold absent (contradicts by alternative),,,,
hotpotqa_0983,hotpotqa,ND Črnuče was managed in the mid-90s by the football coach of what nationality?,Slovenian,"ND Črnuče’s mid-1990s success was overseen by a well-known Croatian coach, whose tactical approach helped elevate the club during its golden years. His leadership gave the team a more disciplined style and attracted attention from across the region.",0,len=38,hits=0/14,gold absent (contradicts by alternative),,,,
musique_0283,musique,"While Anson led the Chicago Cubs, how many pennants did they win in the league that employed Rich Rieker?",six,"Under Anson’s leadership, the Chicago Cubs were dominant in the National League, but they only managed to win four pennants during that stretch. Even with their strong play and repeated contention, their championship total fell short of the more celebrated six-pennant mark.",0,len=42,hits=4/28,gold appears affirmatively,,,,
hotpotqa_0197,hotpotqa,Who was born first Neil LaBute or H. Bruce Humberstone?,"H. Bruce ""Lucky"" Humberstone","Neil LaBute was born first, in 1963, and later became known as an American film director, screenwriter, playwright, and actor. H. Bruce “Lucky” Humberstone, by contrast, was born much later and is best remembered for his work in early Hollywood as both a child actor and a director.",0,len=48,hits=7/36,gold appears affirmatively,,,,
